date,variety,user_pred,user_reason,coach_pred,coach_reason,compare_date,actual,actual_delta_pp,actual_reason,user_correct,coach_correct,flag
2026/8/27,m,up,天气干旱,down,Pro Farmer创纪录单产53.3>USDA52.7→恐慌弱化→IV分位91%高位均值回归+倒挂修复方向,2026/9/3,down,-0.57,〔跨期补写 9/10〕Pro Farmer 巡查给出创纪录单产 53.3 蒲/英亩（>USDA 8月 52.7）→ 美豆供应利空、成本端不确定性下降；倒挂第 5→11 天但近月恐慌未升级 → IV 回落,0,1,
2026/8/27,c,up,天气干旱,down,无催化(台风不沾华北东北·配额9/15还早)+IV9%地板85%分位企稳→无升驱动·低置信,2026/9/3,up,1.35,"〔跨期补写 9/10〕东北干旱减产成共识（辽西早熟玉米减产预期 30-40%、辽宁普遍 20-30%）+ 华北渍涝（8 月上旬台风""白海豚""残余致河南西部北部特大暴雨）+ CBOT 玉米走强 → 天气升水与减产预期发酵，C2611 8/19 单日 +2.30% 冲 2300 → IV 大涨",1,0,
2026/8/27,rm,up,天气干旱,down,分位98%极端高位+无新催化(USDA已过·加干无变化)→均值回归,2026/9/3,down,-0.76,〔跨期补写 9/10〕中加关系缓和（取消对加农产品出口限制）+ 油菜籽到港增多 → 供应端不确定性消退；倒挂（rm2701 17.4% > 16.6%）同步退潮 → IV 回落,0,1,
2026/8/27,ta,up,美伊变化多,up,IV分位15%地板+台风沙德尔8/28-29华东封航+OPEC+9/6双事件临近→事件前抬升,2026/9/3,up,2.04,〔跨期补写 9/10〕原油 8/28-9/2 累计 +9.13%（Brent 82→90 一线）→ 成本端抬升 → 能化波动预期上行；IV 分位仅 12-15%（买方黄金窗口）→ IV 自地板抬升,1,1,
2026/8/27,ma,up,美伊变化多,down,无催化+台风对甲醇影响有限(快照原文)+HV退潮→63%中位偏回落·低置信,2026/9/3,up,5.64,〔跨期补写 9/10〕美伊冲突升级 + 霍尔木兹通行受限 → 中东（我国甲醇主要进口来源）装置停车、到港骤降 → 沿海库存 9/2 降至 64.15 万吨（同比 −55%）+ 太仓基差深 Back → 近月物理断供启动 → IV 大涨,1,0,
2026/8/27,au,up,fomc9月会议难预期,down,IV-HV+7%高位溢价+分位已现回落(FOMC 9/16在5日窗口外不构成事件),2026/9/3,down,-1.07,〔跨期补写 9/10〕FOMC 9/16 在 5 日窗口**之外**，事件溢价无从兑现 + IV-HV +7.0% 重仓窗口（高位风险补偿）→ 溢价向均值回归 → IV 回落,0,1,
2026/8/27,cf,down,无事发生,down,减产已计价(8/14 16830→8/20 17035)+IV分位91%高位→无新催化接力,2026/9/3,down,-0.57,〔跨期补写 9/10〕抛储轮出 100% 成交、成交价上行 → 政策压制上方；新疆新棉吐絮、产量分歧收敛 → 供需宽松方向明确 → IV 回落,1,1,
2026/8/27,sr,up,软件提示风险,up,台风紫檀暴雨+左江洪水→减产恐慌未证伪前IV撑住(官方数据未出),2026/9/3,flat,-0.09,"〔跨期补写 9/10〕紫檀（19号，8/26 停编）主体已过；机构评估崇左受灾仅占广西甘蔗面积约 3.8%、属区域灾害非全域减产 → 恐慌被证伪为""预期""而非""意外"" → IV 退潮至持平（噪声带内）",,,
2026/8/27,i,down,产能过剩,down,缺催化+78%分位中高→深折价无回归驱动,2026/9/3,down,-1.61,〔跨期补写 9/10〕粗钢总量管控 + 钢厂盈利率 32%（2/3 亏损）+ 港口 1.61 亿吨高位 → 供强需弱、无催化 → IV 回落,1,1,
2026/8/27,ru,down,HV退潮,up,台风紫檀海南产区暴雨实际扰动+IV分位74%加速涨延续(HV退潮≠IV涨完),2026/9/3,up,1.24,〔跨期补写 9/10〕东南亚供给扰动（泰国南部强降雨断割胶）+ 青岛去库 + 厄尔尼诺预期（11-12 月峰值）→ 天气溢价 → IV 上行,0,1,
2026/8/28,m,up,趋势很猛，猜测方向回头iv波动也会很大,down,倒挂第7天+ProFarmer创纪录恐慌退潮→远月0.95过度跟随回落（预测对象是IV非价格）,2026/9/4,down,-0.51,〔跨期补写 9/10〕Pro Farmer 创纪录单产利空延续 + 美豆优良率止跌 → 供应端利空被消化、方向趋单一、无分歧 → IV 续落,0,1,
2026/8/28,c,up,粮食供应紧张预期的影响,down,台风不沾华北东北+配额9/15还早+IV地板8.9%无升驱动（低置信）,2026/9/4,up,1.04,〔跨期补写 9/10〕减产预期延续（东北 9 月新玉米上市量预计同比减 150-200 万吨）+ 8/27 盘中冲 2292 元 → 天气升水维持高位 → IV 续升,1,0,
2026/8/28,rm,up,粮食供应紧张预期的影响,down,分位96%极端高位+USDA已过无新催化→均值回归,2026/9/4,down,-0.69,〔跨期补写 9/10〕中加缓和延续 + 加菜籽期货走弱 → 进口成本承压 → IV 续降,0,1,
2026/8/28,ta,up,美伊关系缓和,up,分位12%地板+沙德尔8/29+OPEC+9/6双事件前抬升（美伊缓和非ta的IV驱动）,2026/9/4,down,-1.12,〔跨期补写 9/10〕⚠️路径非单调：8/31 美袭霍尔木兹油价冲高，但 ta 下游聚酯开工偏弱（负反馈）压制，9/4 采值处窗口末端局部低点（9/7 即反弹至 26.58%）→ 窗口内冲高回落，非单一叙事可解释,0,0,
2026/8/28,ma,up,美伊关系缓和,down,无催化+台风对甲醇影响有限+分位55%中位（低置信）,2026/9/4,up,5.15,〔跨期补写 9/10〕8/31 美中央司令部空袭霍尔木兹拉拉克岛 + 伊朗导弹反击 → 海峡通行骤降，中东装置停车延续 + 约 40-50 万吨浮仓困于海峡 → 短缺预期强化 → IV 续升,1,0,
2026/8/28,au,up,fomc9月会议难预期,down,FOMC9/16在5日窗口外（9/3未到）+IV-HV+7%高位溢价回归压力,2026/9/4,up,0.73,〔跨期补写 9/10〕8/31 美袭霍尔木兹 → 避险买盘；但美联储 9 月**升息**概率由 8/27 约 35% 跳升至 8/31 约 57%（沃什 Jackson Hole 转鹰）→ 地缘与货币两力对峙 → IV 小幅上行,1,0,
2026/8/28,cf,down,无事发生,down,减产已计价16830→17200+分位96%高位无新催化接力,2026/9/4,down,-1.25,〔跨期补写 9/10〕抛储持续 + 新棉产量担忧不及外盘（ICE 美棉得州旱情强，但内盘跟涨弱）→ 内外联动弱、区间震荡 → IV 续降,1,1,
2026/8/28,sr,up,台风影响频繁,down,紫檀8/26停编+机构评估区域灾害3.8%非全域→恐慌是预期非意外，5日内退潮,2026/9/4,flat,0.02,〔跨期补写 9/10〕沙德尔（18号，8/28 登陆浙江玉环）8/29 夜间起影响广西，桂东桂南累计 60-200mm（局地 400mm+）→ 新台风接续，但路径偏东、对崇左主产区影响未证实 → 多空对冲 → IV 持平（噪声带内）,,,
2026/8/28,i,down,产能过剩,down,深折价但缺催化无回归驱动（低置信）,2026/9/4,down,-2.02,〔跨期补写 9/10〕粗钢管控 + 钢厂亏损面扩大 + 港口高位 → 供强需弱无催化；环境 5/5 全绿但缺买方触发、卖方无 edge → IV 续降（本批最大跌幅）,1,1,
2026/8/28,ru,up,台风影响频繁,up,台风季海南产区+厄尔尼诺背景延续（分位70%已不低·低置信）,2026/9/4,up,1.28,〔跨期补写 9/10〕东南亚降雨扰动割胶延续 + 原油上行带动合成胶成本 → 天气溢价与成本支撑叠加 → IV 续升,1,1,
2026/8/31,m,up,连续3天iv一直在涨,down,分位90%高位均值回归+倒挂第8天远月过度跟随+WASDE 9/11在9/7窗外无升驱动（中置信）,2026/9/7,down,-0.3,〔跨期补写 9/10〕美豆优良率 61%（三年最低）与创纪录单产形成多空分歧但分歧收窄；倒挂第 8→13 天粘性维持、无新催化 → IV 微降,0,1,
2026/8/31,c,up,连续3天一直在涨,down,分位93%企稳+IV地板9.3%+配额9/15还早+盘口失真（低置信·地板价回落空间小）,2026/9/7,up,0.38,〔跨期补写 9/10〕分位冲至 100%（8/31 实采＝极端高位）；新粮 9 月中下旬集中上市临近 → 天气升水与上市压力拉锯 → IV 小幅上行,1,0,
2026/8/31,rm,down,无新催化,down,分位90%极端高位+中加缓和到港增（偏空）+无新事件→均值回归（中置信）,2026/9/7,flat,0.1,〔跨期补写 9/10〕倒挂收窄但扰动仍在（加拿大菌核病/俄罗斯严查）+ 水产旺季刚需 vs 到港增多 → 多空平衡 → IV 持平（噪声带内）,,,
2026/8/31,ta,up,美伊关系紧张,up,分位13%地板+OPEC+9/6在9/7回填前=事件前抬升但下游弱供应回升→低置信（同8/27-28逻辑）,2026/9/7,up,7.98,〔跨期补写 9/10〕**8/31 美中央司令部空袭霍尔木兹拉拉克岛 + 伊朗向约旦美军基地发射导弹 + 海峡船流骤降** → 中国原油 2610 单日 +7.23%（635.1 元/桶）→ 成本与原料供应两端同时发酵；叠加 OPEC+ 9/6 暂停增产、EIA 9/3 → IV 暴涨,1,1,
2026/8/31,ma,up,美伊关系紧张,up,港口去库（台风封航卸货推迟）+伊朗低开工/霍尔木兹紧张进口恢复慢→偏多，国产放量对冲（低置信）,2026/9/7,up,6.79,〔跨期补写 9/10〕霍尔木兹 8/31 全关 + 9/6 伊朗宣布禁区/制裁名单 → 短缺由预期升级为物理事实；国内检修季开工回落至 86% → 分位冲至 89% → IV 暴涨,1,1,
2026/8/31,au,up,fomc9月会议转鹰,up,⚠️修正8/27-28的down：加息概率57%+金价-3%→事件升级vol抬升，分位已回落至21%低位向下空间有限，FOMC前波动加大（中置信）,2026/9/7,up,2.9,〔跨期补写 9/10〕地缘（美伊互袭）与货币（加息概率 57%）双事件同时悬置 + 10Y 美债走高 → 方向不确定抬升 → 事件不确定性溢价扩张 → IV 上行,1,1,
2026/8/31,cf,up,减产确认，价格短期下跌承压,down,减产已计价+储备棉抛储42万吨对冲+分位88%高位企稳无新催化接力（低-中置信，同8/27-28）,2026/9/7,down,-0.73,〔跨期补写 9/10〕采收兑现窗口临近 + 减产幅度预期收敛至 3-5% → 双尾收敛、区间震荡确认 → IV 续降,0,1,
2026/8/31,sr,up,台风影响频繁,up,⚠️修正8/28的down：沙德尔压广西东北+未来10天2个台风+分位89%>8/28 71%恐慌未退证伪退潮→IV撑住或升（中置信·台风路径不确定）,2026/9/7,up,0.53,〔跨期补写 9/10〕沙德尔影响 8/30-8/31 收尾（8/30 11 时解除暴雨四级预警）+ **9 月预测 2-3 个台风登陆华南（较常年 1.6 偏多）+ 广西 9/16-18 暴雨洪涝风险** → 风险窗未关 → IV 上行,1,1,
2026/8/31,i,down,产能过剩,down,分位37%中低位+供强需弱盈利率32%创新低+缺催化无回归驱动（低置信，同8/27-28）,2026/9/7,up,1.84,〔跨期补写 9/10〕外运扰动出现：全球发运 3358.3 万吨（环比 −5.97%，澳洲 −4.53%/巴西 −9.37%）+ 45 港连续去库 + 海运费创美伊冲突以来新高（巴西-青岛 41.25 美元）+ 节前补库预期 → 供给端收缩预期 → IV 由跌转涨,0,0,
2026/8/31,ru,up,连续3天iv一直在涨,up,⚠️修正理由：非海南台风而是泰国南部持续降雨+厄尔尼诺预期（旺产季增量未兑现+青岛去库）驱动本轮上涨17095→18750→IV高位维持（中低置信）,2026/9/7,up,4.27,〔跨期补写 9/10〕厄尔尼诺预期成为核心交易逻辑（预计 26/11-27/1 超强）+ 泰国杯胶 67-70 泰铢坚挺 + 青岛去库 64.21 万吨 → 供给收缩预期强化 → IV 大涨,1,1,
2026/9/1,m,down,价格高危震荡，基本面没有事件，iv回归,down,倒挂第9天粘性+分位70%回落未到底+WASDE 9/11在9/7窗外无升驱动→均值回归（中置信）,2026/9/8,up,0.79,〔跨期补写 9/10〕**WASDE 9/11 进入 5 日窗口**（市场预期下调美豆单产、上调出口）+ 中国持续采购 + 到港低于去年 → 报告前双向分歧抬升 → IV 上行,0,0,
2026/9/1,c,up,hv聚集中，近月恐慌，但为什么恐慌呢,down,分位100%极端高位+恐慌来源不明(台风不沾华北东北主产区)+配额9/15还早+无真催化→极端位回落（低置信·地板价空间小）,2026/9/8,flat,0.01,〔跨期补写 9/10〕9/2 换月主采后**首现真倒挂**（c2611 10.7% > c2701 8.9%）+ 华北新粮质量成核心变量、方向未定 → 多空平衡 → IV 持平（噪声带内）,,,
2026/9/1,rm,down,hv聚集中，但iv已高于历史高位，应该均值回归了,down,分位83%高位+中加缓和到港增偏空+倒挂→均值回归（中置信）,2026/9/8,up,0.91,〔跨期补写 9/10〕倒挂 9/1 修复 + 库存低位 + 水产旺季刚需 → 供应端扰动（加菜籽菌核病/俄罗斯严查）重新定价 → IV 上行,0,0,
2026/9/1,ta,up,美伊关系紧张,up,分位24%低位+EIA 9/3+OPEC+9/6双事件在9/7窗口内→事件前抬升，但下游弱供应回升对冲（低置信）,2026/9/8,up,6.54,〔跨期补写 9/10〕地缘溢价延续 + 社会库存处五年最低 + PX 原料供应紧张（炼厂转向替代原油来源）→ 成本端强推 → IV 续升,1,1,
2026/9/1,ma,up,美伊关系紧张,up,伊朗地缘霍尔木兹进口恢复慢+港口去库支撑 vs 分位87%高位+OPEC+9/6不确定（低置信）,2026/9/8,up,4.01,〔跨期补写 9/10〕港口去库累计 60 万吨 + 市场一致预期 9 月进口锐减至 50 万吨以下（本周到港 14.92 万吨、环比 −23.45%）→ 近月现实紧张凸出 → IV 续升,1,1,
2026/9/1,au,up,fomc9月会议转鹰,up,分位12%极端低位向下空间有限+加息预期发酵金价破位波动大（FOMC 9/16在窗口外·低-中置信）,2026/9/8,up,3.91,〔跨期补写 9/10〕FOMC 9/16 进入 5 日窗口 + 美伊冲突持续（互袭油轮）→ 地缘与货币双尾部风险同时悬置 → IV 续升,1,1,
2026/9/1,cf,down,iv高分位，减产已确认是，事件落地，均值回归,down,分位94%高位+单产明朗天气升水修正+抛储42万吨/配额压制 vs 期货17200强势（低-中置信）,2026/9/8,down,-0.98,〔跨期补写 9/10〕抛储 + 配额发放 + 下游纺企开机企稳但需求好转有限 → 区间震荡格局确认、方向单一 → IV 续降,1,1,
2026/9/1,sr,up,台风影响频繁,down,⚠️修正8/31 up：分位89→74恐慌已退+沙德尔减弱+配额宽松偏空→退潮回落（低置信·台风路径不确定）,2026/9/8,up,0.4,〔跨期补写 9/10〕台风活跃期延续（事件日历仍有 2 个在 10 日窗口内）+ 郑糖 01-09 升水 160-190 → 远期风险溢价 → IV 微升,1,0,
2026/9/1,i,down,无事件催化,down,无催化+供强需弱盈利率32%新低维持低位（分位32%不高·回落空间有限·低置信）,2026/9/8,up,1.99,〔跨期补写 9/10〕发运下降 + 港口去库延续 + 焦炭提涨带来成本支撑 + 澳港劳资纠纷扰动 → 供给端收缩叙事加强 → IV 续升,0,0,
2026/9/1,ru,up,iv高位震荡，但也没事件，为什么高位震荡？,up,泰国南部降雨断割胶+厄尔尼诺预期(8/31主驱动修正)延续+溢价5dΔ仍升 vs 分位88%高位（中低置信）,2026/9/8,up,3.67,〔跨期补写 9/10〕厄尔尼诺 + 原油上行（合成胶比价）+ 泰国产区降雨扰动 → 三因素共振 → IV 续升,1,1,
2026/9/2,m,up,没有事件发生，高位震荡，看得不到均值回归的迹象,down,分位79%高位+倒挂第10天(远月被带/近月粘性)+WASDE 9/11在9/9窗外无升驱动→均值回归(低置信·倒挂修复方向),2026/9/9,up,0.65,〔跨期补写 9/10〕WASDE 临近（D-2）+ 美豆优良率止跌 58% 但产区天气改善 → 报告结果的不确定性主导、基本面让位 → IV 续升,1,0,
2026/9/2,c,up,没有事件发生，高位震荡，看得不到均值回归的迹象,down,分位100%极端高位+倒挂首现(c2611>c2701)修正方向+盘口失真+配额9/15还早→极端位回落(低置信),2026/9/9,flat,-0.23,〔跨期补写 9/10〕新粮集中上市临近压制 + 配额政策窗口 → 供应放量方向渐明 → IV 微降（噪声带内）,,,
2026/9/2,rm,up,没有事件发生，高位震荡，看得不到均值回归的迹象,down,分位87%高位+中加缓和到港增偏空+倒挂第3天→均值回归(中置信·同8/31-9/1逻辑),2026/9/9,flat,0.18,〔跨期补写 9/10〕加菜籽期货收低 0.83%、投机基金获利平仓抛售（资金离场）→ 供应改善与资金退场对冲 → IV 持平（噪声带内）,,,
2026/9/2,ta,up,美伊关系紧张，原油供应紧张,up,EIA 9/3+OPEC+9/6在9/9窗口内+倒挂(近28.2>远27.5)=近月恐慌未退→事件前抬升延续(低置信·事件落地即反转),2026/9/9,up,3.58,〔跨期补写 9/10〕9/8 Brent 触及 98.06（7/24 以来最高）→ 成本端再上台阶；PTA 加工费走强、开工低于正常 + 下游聚酯开工跌至 75.6% 破春节低位 → 成本上推与需求负反馈拉锯 → IV 续升,1,1,
2026/9/2,ma,up,美伊关系紧张，原油供应紧张,up,伊朗低开工/霍尔木兹进口恢复慢+港口去库 vs 分位92%高位+OPEC+9/6落地可能crush(低置信·事件日反转点),2026/9/9,up,1.53,"〔跨期补写 9/10〕8/31 罕见""减仓涨停""后进入高位震荡；主力持仓自 87 万手萎缩至 60 万手 = **空头止损离场型减仓反弹**（非新多头驱动）→ 涨势动能切换 → IV 升幅收窄",1,1,
2026/9/2,au,up,fomc9月会议转鹰,up,分位27%仍低位+加息概率57%金价破位波动大(FOMC 9/16在9/9窗外·低-中置信·同9/1),2026/9/9,up,4.1,〔跨期补写 9/10〕FOMC 9/17（北京 9/16）D-6 + 加息概率 60.2% + 10Y 美债 4.80-4.85%（2023/10 以来新高）+ 价格区间 950-965 胶着 → 事件不确定性溢价扩张 → IV 续升,1,1,
2026/9/2,cf,down,iv高分位，减产已确认，事件落地，均值回归,down,分位93%高位+减产已计价+抛储42万吨/配额压制 vs 期货17200强势(低-中置信·同9/1),2026/9/9,down,-0.5,〔跨期补写 9/10〕开秤价预计 7.5 元/公斤、轧花厂与棉农分歧或加大（但未爆发）+ 抛储成交价上行 17388 → 政策与需求双重压制 → IV 续降,1,1,
2026/9/2,sr,up,台风影响频繁，产地产量可能受影响,up,⚠️修正9/1 down：台风连击+未来10天2个在9/9窗口内+分位74→77回升证伪退潮→恐慌未退IV撑住(低置信·路径不确定),2026/9/9,flat,0.1,〔跨期补写 9/10〕当前无在途台风（沙德尔/紫檀均已过）短期无催化 ／ 但 9 月台风偏多预测 + 第二批许可发放（国内过剩）vs 国际 26/27 由过剩转短缺 → 内外矛盾、方向未定 → IV 持平（噪声带内）,,,
2026/9/2,i,down,无事件催化,down,无催化+IV 13.5<HV 15.8折价无回归驱动(分位26%已低·回落空间有限·低置信·同9/1),2026/9/9,up,2.11,〔跨期补写 9/10〕45 港库存 16314.66 万吨（周 −230 万吨、连续 4 周去库）+ 节前补库陆续释放 ／ vs 钢厂盈利率降至 30.3% → 供给收缩预期与需求疲弱拉锯 → IV 续升,0,0,
2026/9/2,ru,up,产地降雨影响产量,up,泰国南部降雨断割胶+厄尔尼诺未证伪+5dΔ+1.4pp仍升+青岛去库 vs 分位89%高位(中低置信·同9/1),2026/9/9,up,3.33,〔跨期补写 9/10〕泰国杯胶 72.5→73.5 泰铢（成本抬升）+ 青岛库存 9/6 降至 61.91 万吨 + 9/8 主力 +2.18% 报 19180 → 成本与库存双推 → IV 续升,1,1,
2026/9/3,m,down,没有事件发生，高位震荡，看得不到均值回归的迹象,up,倒挂第11天粘性实证：无事件窗口恐慌溢价难自发消退，高位维持偏升。down=长时窗均值回归提前量，11天没修复(9/2认怂同构)。低置信,2026/9/10,up,0.57,美豆优良率58%止跌+产区天气改善+多头获利平仓 → CBOT 11月豆跌0.57%；国内豆粕库存113.6万吨高位+到港千万吨级=现实偏空。但 WASDE 9/11 临近（预期下调单产/上调出口）→ 报告前多空分歧 → 事件不确定性溢价抵消基本面利空 → IV 微升,0,1,
2026/9/3,c,up,没有事件发生，高位震荡，看得不到均值回归的迹象,up,倒挂第2天仍发酵期(对比m的11天)，配额9/15窗外无落地压制→近月恐慌延续。中低置信,2026/9/10,down,-0.49,新粮 9 月中下旬集中上市 → 供应放量方向单一、无分歧；美玉米单产180.7/全球期末库存13年低位提供外盘托底但传导弱 → 无分歧即无不确定性溢价 → IV 下行；价格同期 −1.39% = 缓跌消化非恐慌,0,0,
2026/9/3,rm,up,没有事件发生，高位震荡，看得不到均值回归的迹象,up,倒挂第4天发酵期未结束，无新事件中断→现状延伸。低置信,2026/9/10,flat,-0.11,中加关系缓和+菜籽到港增多+沿海油厂开机率升至36% → 供应端不确定性消退；加菜籽期货收低0.83%、投机基金获利平仓（资金离场）→ 波动预期回落 → IV 持平（噪声带内）,,,
2026/9/3,ta,up,美伊关系紧张，原油供应紧张,up,今日crush后分位已低+OPEC+9/6在9/9窗口内→事件前波动抬升。低置信,2026/9/10,up,7.1,美伊互袭油轮+胡塞袭沙特能源设施+伊朗哈尔克岛爆炸（9/9）→ 霍尔木兹通行受阻担忧 → **Brent 突破100美元（7月底以来首次）** → 原油=PTA成本端 → 成本与原料供应两端同时发酵 → IV 大涨。叠加社会库存五年最低、下游聚酯开工跌至75.6%破春节低位（负反馈）→ 成本上推与需求破坏双向不确定,1,1,
2026/9/3,ma,up,美伊关系紧张，原油供应紧张,down,分位高位+OPEC+9/6窗口内落地=事件后IV crush(9/7-9/9有3交易日在落地后)。中低置信,2026/9/10,up,8.87,"中东约62%甲醇装置停车、伊朗在产仅约7套（日产降至2-2.5万吨）+ 霍尔木兹内外40-50万吨浮仓""堰塞湖""+ 到港14.92万吨（环比−23.45%）→ **物理断供（非预期）** → 沿海库存9/2降至64.15万吨（同比−55%）、太仓基差190-210元/吨深Back → 近月现实紧张凸出；主力持仓87万→60万手=空头止损离场型减仓 → 近月IV飙至40.13%并转深倒挂",1,0,
2026/9/3,au,up,fomc9月会议转鹰,up,NFP 9/4在窗口内+FOMC 9/15-16倒数定价→事件前IV低位抬升。中置信,2026/9/10,up,3.4,"美伊冲突升级（避险利多）vs FOMC 9/17+加息概率60.2%+10Y美债4.80-4.85%（货币利空）→ 两力对峙成""打摆子行情""，价格区间950-965 → **方向不确定但双尾部风险同时悬置** → 期权不确定性溢价扩张 → IV 上行；同期价格+0.56%、HV −0.75pp = 与实现波动脱钩的纯事件溢价（机构口径：金价下跌阶段IV常抬升）",1,1,
2026/9/3,cf,down,iv高分位，减产已确认，事件落地，均值回归,down,减产已计价+抛储压制+利多落地IV高位回落。中置信,2026/9/10,flat,-0.22,新棉吐絮、主流预期产量环比仅降3-5%、开秤价预计7.5元/公斤 → 减产幅度预期收敛；抛储100%成交（9/9均价17388）+ 配额发放 → 政策压制上方；美棉得州旱情推ICE但内外联动弱 → 供需宽松格局未变、双尾收敛 → IV 持平（噪声带内）,,,
2026/9/3,sr,up,台风影响频繁，产地产量可能受影响,up,台风连击未来10天2个未过+恐慌分位回升中→IV撑住偏升。低置信·路径不定,2026/9/10,flat,0.15,"⚠️修正事件扫描：**广西台风再袭、崇左部分地区受灾严重**（国投期货），非""无台风在影响""。但配额内原糖到港15.55万吨（同比−44.68万吨）+ 第二批许可发放 + 库存历史高位 + 下榨季增产 → 国内过剩压制；国际巴西减产+印度出口受限 → 26/27全球由过剩转短缺 → 内外矛盾、方向未定 → IV 持平（噪声带内）",,,
2026/9/3,i,down,无事件催化,up,折价2.4%+分位26%极低→回落空间耗尽，均值回归缓升。低置信(9/1-9/2连押down已到低位，改押up),2026/9/10,up,2.04,45港库存16314.66万吨（周−230万吨、连续4周去库）+ 全球发运3358.3万吨（环比−5.97%，澳洲−4.53%/巴西−9.37%）+ **海运费创美伊冲突以来新高**（巴西-青岛41.25美元）+ 节前补库预期 ／ vs 钢厂盈利率降至30.3% → 供给端收缩预期推价格（+0.27%）但终端需求未动 → **慢变量驱动、未引爆波动率** → IV 上行而 HV 持平（+0.01pp）,0,1,
2026/9/3,ru,up,橡胶价格,down,高位分位+降雨已pricing无新催化→均值回归。低置信,2026/9/10,up,3.29,"东南亚旺产季但泰国南部/东北部持续降雨扰动割胶（""有价无量""）+ 泰国杯胶72.5→73.5泰铢（成本抬升）+ 青岛库存9/6降至61.91万吨 + **厄尔尼诺预期为核心交易逻辑**（预计26/11-27/1超强）→ 供给收缩预期推价格（9/8 +2.18%、9/9收19770）→ 价格趋势带动波动预期 → IV 上行、HV同步+3.40pp（实现波动配合）",1,0,
2026/9/7,m,down,iv高位震荡，无时间发生,up,WASDE 9/11 D-4窗口内事件定价+倒挂13天修复概率,2026/9/14,flat,-0.08,〔跨期补写 9/15〕 9/11 WASDE 单产 52.8 蒲/英亩（预期 52.4-52.5）、期末库存 3.10 亿蒲（预期 2.98 亿）→ 减产炒作证伪、报告偏空；巴西大豆集中到港（9 月约 1100 万吨）+ 油厂豆粕库存高位 + 养殖端亏损与杂粕替代 → 期货 3392→3390（−0.02%）几乎不动 → 证伪已消化、无增量事件 → IV 14.43→14.35、−0.08pp（噪声带内）,,,
2026/9/7,c,down,iv高位震荡，无时间发生,down,无催化+近月倒挂IV 9.8%回落空间,2026/9/14,down,-0.55,〔跨期补写 9/15〕 进口关税配额再分配（发改委+商务部 8/14 公告）9/1-15 申请、9/15 交还截止、9/18 转报、9/30 先来先领 → 政策压制上方、供给确定性上升；台风影响华南非华北东北主产区 → 期货 2284→2233（−2.23%）→ 价格缓跌、无事件推动波动 → IV 9.71→9.16,1,1,
2026/9/7,rm,down,iv高位震荡，无时间发生,up,折价-2.6%全场最深→回落耗尽均值回归缓升,2026/9/14,down,-0.39,〔跨期补写 9/15〕 油菜籽反倾销终裁 2026-02-28 公布、3/1 起统一征收 5.9%（较初裁阶段 75.8% 保证金对应的约 84.8% 大幅下降）+ 菜粕反歧视关税暂停至 2026-12-31 → 政策不确定性大幅消退、3-5 月集中到港供应转宽松 → 期货 2348→2313（−1.49%）→ 事件溢价与价格双降 → IV 17.36→16.97,1,0,
2026/9/7,ta,up,美伊关系紧张，事件提升,down,无物理短缺(9/5证伪)+原油溢价已拉至86分位→易泄,2026/9/14,up,6.63,〔跨期补写 9/15〕 ⚠️修正（本地快照滞后）：美伊冲突升级 → Brent 9/8 收 97.31 → 9/10 破 105（11 月合约最高 105.72、当日涨近 6.5%）→ 9/14 报 107.32（当月累涨 >13%、年内近 70%）；沙特 8 月产量 623.8 万桶/日（1990 年以来最低）+ OPEC+ 确认 9/10 月维持产量不变 → PTA 成本端暴动，期货 5956→6494（+9.03%）→ 价格趋势与不确定性双升 → IV 26.58→33.21。注：ta 自身无物理短缺（9/5 因果证伪，开工约 68.5%、下游聚酯 78% 偏弱）——上行由成本端而非自身供需驱动,1,0,
2026/9/7,ma,up,美伊关系紧张，事件提升,up,物理短缺硬+Hormuz 9/6升级5日窗口内发酵,2026/9/14,up,9.84,〔跨期补写 9/15〕 伊朗 9/6-9/8 宣布霍尔木兹海峡外设新禁区（进入船只列入制裁名单）；美军封锁至 9/6 已迫使 92 艘商船改道；伊朗 8 月日均装油 25.5 万桶（较 2-4 月 −85%）、封锁线外油轮库存 9000 万→2900 万桶且预计下月归零；美方 9/8 公布 36 项对伊新制裁 → 甲醇进口短缺逻辑强化 + Brent 成本端 → 期货 3042→3290（+8.15%）→ IV 32.78→42.62（全样本最大 Δ）,1,1,
2026/9/7,au,up,fomc9月会议难预期,up,战争避险+FOMC 9/16临近定价,2026/9/14,flat,-0.05,〔跨期补写 9/15〕 FOMC 9/15-16、市场加息定价 58%-87%（8 月核心 CPI 环比 +0.3% vs 预期 0.2%、非农 +16.2 万 vs 预期 5.6 万）；花旗/巴克莱/三井住友 DS 三家预测 9 月加息 25bp；叠加美伊战争 + 霍尔木兹禁区避险 → 避险与货币两力同时悬置、方向不确定已被 IV 定价；价格 955.3→940.9（−1.51%）→ 无增量不确定性 → IV 25.36→25.31、−0.05pp（噪声带内）,,,
2026/9/7,cf,down,减产事件已落地，价格已拐头,down,减产落地均值回归延续8/31·低置信(62分位已低),2026/9/14,down,-0.5,〔跨期补写 9/15〕 农业农村部 9 月供需：前期高温干旱减产担忧「随长势明朗有所缓和」、单产维持 149 公斤/亩、全国产量调增 14 万吨至 648 万吨；吐絮率 32.1%（同比 +4.4pp）提前、9 月下旬集中采摘；开秤价预期 7.5 元/公斤（去年 6.2）→ 减产叙事收敛；期货 16840→16325（−3.06%）→ IV 11.07→10.57。⚠️口径：648 万吨=全国 / 700 万吨=新疆，不可直接比较,1,1,
2026/9/7,sr,up,天气影响频繁，iv有支撑,down,分位100%无当前台风→5日回归压力,2026/9/14,down,-1.41,〔跨期补写 9/15〕 配额内原糖到港 15.55 万吨（同比 −44.68 万吨）+ 第二批许可发放 + 库存历史高位 + 下榨季增产 → 国内过剩压制；天气端广西台风窗口开启（9/12-15 桂南已现持续性降雨、局部大到暴雨）本应给天气升水，但供需宽松主导 → 期货 5462→5389（−1.34%）→ IV 12.54→11.13,0,1,
2026/9/7,i,down,无事件催化,down,96分位无催化回归,2026/9/14,down,-0.69,〔跨期补写 9/15〕 45 港 9/11 = 16232.9 万吨（环比 −81.76、连续去化但同比仍高 2567 万吨）；到港量大增（45 港 +832.9）→ 台风造成的到港缺口已基本修复；新增西芒杜投产顺利、9-12 月 300-500 万吨/月放量；钢厂盈利率降至 7.79%–30.3% → 供应回升 + 需求弱复苏 → 期货 736.5→713（−3.19%）→ IV 15.81→15.12,1,1,
2026/9/7,ru,down,橡胶价格抬升，厄尔尼诺导致降雨增加，减产预期,down,94分位已price in双利多+次月盘口失真(你理由方向矛盾已纠),2026/9/14,down,-2.35,〔跨期补写 9/15〕 泰国南部/东北部持续降雨扰动割胶、QinRex 下调 2026 泰国产量至 490.8 万吨、原料胶水 79.8/杯胶 74.2 泰铢居近 5 年高位 —— 但价格端已从 9/9 高点回落；期货 19335→19060（−1.42%）→ 天气溢价与价格同步降温 → IV 22.75→20.40。核心驱动是天气预期+成本支撑，非供需实质改善,1,1,
2026/9/8,m,up,iv高位震荡，厄尔尼诺影响预期延续，中国持续买豆，可能突破,up,倒挂14天粘+WASDE9/11前避险，近月恐慌不散,2026/9/15,down,-1.07,9/11 WASDE 偏空落地（单产 52.8 蒲/英亩不降反升、期末库存 3.10 亿蒲 vs 预期 2.98 亿）；巴西大豆集中到港（9 月约 1100 万吨）+ 油厂库存高位 + 养殖亏损与杂粕替代 → 减产溢价持续挤出；潜在上行变量为 9/24 中美领导人会晤（白宫称中方承诺采购 2500 万吨美豆）+ 美豆新作周度出口 263.7 万吨超预期，但未兑现 → 期货 3412→3372（−1.17%）→ IV 14.38→13.31,0,0,
2026/9/8,c,up,iv高位震荡，厄尔尼诺影响预期延续,up,倒挂第5天+WASDE覆盖玉米，报告前IV不散(低置信),2026/9/15,down,-1.15,进口关税配额再分配 9/15 交还截止 + 9/18 省级转报 + 9/30 先来先领分配 → 政策端压制上方；台风影响华南、非华北东北主产区 → 期货 2290→2213（−3.36%）→ 无事件推动的纯价格下行 → IV 10.46→9.31,0,0,
2026/9/8,rm,up,iv高位震荡，厄尔尼诺影响预期延续,up,HV20.4>IV17.6全场最深折价+放量收敛拉力，WASDE覆盖,2026/9/15,down,-2.15,油菜籽反倾销终裁落地（3/1 起 5.9% 税率、5 年有效，较初裁 75.8% 保证金大幅下降）+ 菜粕反歧视关税暂停至 2026-12-31 → 政策不确定性大幅消退、3-5 月集中到港供应转宽松；加拿大菌核病/俄罗斯严查仅为扰动 → 期货 2355→2285（−2.97%）→ 事件溢价与价格双降 → IV 17.53→15.38,0,0,
2026/9/8,ta,up,美伊关系紧张，事件提升,down,5dΔ已+7.9pp抢跑+86分位，无短缺，原油滞100→回吐,2026/9/15,up,7.51,Brent 9/10 破 105 → 9/14 报 107.32(+2.59%)（当月累涨 >13%、年内近 70%）；沙特 8 月产量 623.8 万桶/日（1990 年以来最低）+ OPEC+ 维持 9/10 月产量不变 + 油轮遇袭/曼德海峡航运受扰；⚠️9/14 波斯湾-伊朗会议被推迟（沙特通过正规渠道要求暂不举办 + 巴林公开拒绝）+ 沙特东西向输油管道遭无人机袭击停运（全球约 4% 石油供应风险）→ 外交解决路径受阻、供应中断风险延长 → 期货 5954→6656（+11.79%）→ IV 26.46→33.97,1,0,
2026/9/8,ma,up,美伊关系紧张，事件提升,up,真短缺(Hormuz进口-6成)有底非纯事件，近月恐慌粘,2026/9/15,up,4.75,伊朗霍尔木兹禁区扩大（自美军封锁线延伸至波斯湾部分海域）+ 8 月日均装油 25.5 万桶（−85%）、封锁线外油轮库存预计下月归零 + 美方 9/8 36 项对伊新制裁、9/14 制裁落定为俄罗斯 VTB（非中资银行）→ 进口短缺逻辑未缓解；国内港口去库、检修季开工回落至 86% → 期货 3068→3231（+5.31%）→ IV 32.30→37.05,1,1,
2026/9/8,au,up,fomc9月会议难预期,up,美伊未停火+FOMC9/16前双事件窗，IV维持bid,2026/9/15,flat,-0.22,FOMC 9/15-16 临近、加息定价 58%-87%（核心 CPI 与非农双双超预期推升）、降息预期推至 2027 年中至年底；同时美伊战争 + 霍尔木兹禁区提供避险支撑 → 两力对峙成「打摆子」形态；价格 962.18→934.48（−2.88%）→ 不确定性已被定价、无增量 → IV 25.85→25.63、−0.22pp（噪声带内）,,,
2026/9/8,cf,down,减产落地均值回归,up,WASDE9/11+采收兑现报告周，49分位低位报告前易上抬,2026/9/15,down,-0.39,农业农村部 9 月供需口径方向反转：前期高温干旱的减产担忧「随长势明朗有所缓和」、单产维持、全国产量调增 14 万吨至 648 万吨；吐絮进度提前（8/31 吐絮率 32.1%、同比 +4.4pp）；开秤价抬升至 7.5 元/公斤 → 供给确定性上升；期货 16805→16080（−4.31%）→ IV 11.22→10.83,1,0,
2026/9/8,sr,up,天气不确定性高,up,台风活跃窗9-10月未关+桂南暴雨预报，风险补偿下不来,2026/9/15,down,-1.3,国内过剩主导：配额内原糖到港 15.55 万吨（同比 −44.68 万吨）+ 第二批许可发放 + 库存历史高位 + 下榨季增产 → 压制上方；⚠️天气端风险**未兑现**——广西气象 9 月预测主要降水时段为 9/16-18（桂南局地暴雨或大暴雨）、南海热带扰动或发展为 25 号台风「杜鹃」（可能为今年首个秋台风），落在对照日之后 → 期货 5477→5363（−2.08%）→ IV 12.33→11.03,0,0,
2026/9/8,i,down,无事件催化,down,对i间接+90分位5dΔ+3pp，无自有催化回吐,2026/9/15,down,-0.26,供应回升 + 需求弱复苏：45 港到港量大增（+832.9）修复台风缺口、在港船舶 141 条（+3）、西芒杜 9-12 月 300-500 万吨/月放量；钢厂盈利率降至 7.79%–30.3% 低位、铁水 236.29 万吨、复产动力不足 → 期货 737→709.5（−3.73%）→ IV 15.56→15.30。⚠️Δ=−0.26pp 刚过 0.25 阈值 0.01pp，判 down 但属边缘样本,1,1,
2026/9/8,ru,up,橡胶价格抬升，厄尔尼诺导致降雨增加，减产预期,up,泰南降雨断割胶+原油96撑IV；100分位防急回,2026/9/15,down,-3.66,价格自 9/9 高点 19590 持续回落；虽泰国南部/东北部降雨持续扰动割胶、QinRex 下调 2026 泰国产量至 490.8 万吨、原料胶水 79.8/杯胶 74.2 泰铢居近 5 年高位，但天气溢价随价格同步挤出 → 期货 19465→18720（−3.83%）→ IV 23.26→19.60（本批最大跌幅）,0,0,
2026/9/9,m,up,iv高位震荡，一直倒挂，wasde快来了,up,"IV-HV-1.0%折价→HV20 15.4在上方有修复空间+倒挂14天粘+WASDE9/11触发,近月恐慌不散。低置信(真驱动=报告结果)",2026/9/16,up,+0.38,〔非独立填·教练已见 user_reason〕WASDE 9/11 偏空落地（单产 52.8 蒲/英亩不降反升、期末库存 3.10 亿蒲 vs 预期 2.98 亿）+ 巴西大豆集中到港 → 减产溢价挤出、期价缓跌；窗口内无新增事件 → IV 14.44→14.82（+0.38pp），无明显催化、属弱上行,1,1,
2026/9/9,c,up,iv高位震荡，一直倒挂，wasde快来了,down,"分位91%高位+IV-HV+1.4%微溢+无新增基本面+配额压制,对照在WASDE后→高位回归。低置信",2026/9/16,down,-0.85,〔非独立填·教练已见 user_reason〕进口配额再分配 9/15 交还截止 → 9/18 转报 → 9/30 先来先领；台风影响华南、非华北东北主产区 → 供给确定性上升、期价下行 → IV 10.37→9.52（−0.85pp）,0,1,
2026/9/9,rm,up,iv高位震荡，wasde快来了,up,IV-HV-3.0%全场最深折价=回归拉力最强(HV20 20.5 vs IV17.5缺口大)+WASDE覆盖。低-中置信,2026/9/16,down,-0.95,〔非独立填·教练已见 user_reason〕油菜籽反倾销终裁（3/1 起 5.9%、5 年有效）+ 菜粕反歧视关税暂停至 2026-12-31 → 政策不确定性消退、3-5 月集中到港供应转宽松 → IV 17.54→16.59（−0.95pp）,0,0,
2026/9/9,ta,down,基本面不支持，iv高位震荡，但美伊关系紧张，事件提升，iv有支撑但没有向上突破的势能,down,"9/5证伪无物理短缺+分位91%高位+FOMC加息预期压制商品,原油不破100→回落。低置信,与user一致",2026/9/16,up,+11.26,〔非独立填·教练已见 user_reason〕Brent 9/10 破 105 → 9/14 报 107.32；沙特 8 月产量 1990 年以来最低 + OPEC+ 维持 9/10 月产量 + 9/14 波斯湾-伊朗会议推迟、沙特东西向输油管道遇袭停运（全球约 4% 供应风险）→ 能化成本端暴动、供应中断风险延长进窗口 → IV 28.32→39.58（+11.26pp，本批最大）,0,0,
2026/9/9,ma,up,基本面支撑，iv向上突破，美伊关系紧张，事件提升,up,真短缺(Hormuz进口-6成)现货底+浮仓51.5万吨困海上;分位94%有回调张力但短缺支撑方向跟Hormuz。低置信,2026/9/16,up,+4.24,〔非独立填·教练已见 user_reason〕伊朗 Hormuz 禁区自美军封锁线延伸至波斯湾部分海域 + 8 月日均装油 25.5 万桶（较 2-4 月 −85%）+ 美 9/8 36 项对伊制裁、9/14 制裁落定俄罗斯 VTB → 进口短缺逻辑强化 → IV 35.34→39.58（+4.24pp）,1,1,
2026/9/9,au,up,fomc9月会议难预期，美伊关系紧张,up,战争未停火避险主导+FOMC9/16在对照窗口内;IV高位但事件未决难自发回落。极低置信(路径=战争/FOMC结果非IV规律),2026/9/16,down,-1.05,〔非独立填·教练已见 user_reason〕FOMC 9/15-16（含 SEP/点阵图）+ 市场加息定价 58%–87%（核心 CPI 与非农双双超预期）+ 美伊避险 → 两力对峙、方向不确定被定价；9/16 决议当日落地、不确定性消解 → IV 26.53→25.48（−1.05pp）,0,0,
2026/9/9,cf,down,减产落地均值回归,up,"WASDE9/11覆盖+分位69%已从极端回落离地板尚远+采收兑现双刃未定价完,报告周易上抬。低置信(连续与user分歧)",2026/9/16,down,-0.45,〔非独立填·教练已见 user_reason〕农业农村部 9 月口径方向反转（减产担忧「随长势明朗有所缓和」）+ 单产维持 149 公斤/亩 + 全国产量调增 14 万吨至 648 万吨 + 吐絮提前、9 月下旬集中采摘 → 供给确定性上升 → IV 11.47→11.02（−0.45pp）,1,0,
2026/9/9,sr,up,台风活跃窗9-10月未关+桂南暴雨预报，风险补偿下不来,up,"台风活跃窗9-10月未关+桂南9/16-18暴雨预报恰入对照窗口前沿,风险补偿下不来。低-中置信,与user一致",2026/9/16,down,-2.12,〔非独立填·教练已见 user_reason〕⚠️天气窗口正落在对照日当天（广西 9/16-18 桂南暴雨、25 号台风「杜鹃」未定），但国内过剩主导（配额内原糖到港 + 库存高位 + 下榨季增产）→ 风险未被定价、IV 反降 → 11.97→9.85（−2.12pp）。**事件临近 IV 反降**，与 7/30 FOMC「全天零 crush」构成相反方向,0,0,
2026/9/9,i,down,无事件催化，但铁矿石目前在缓慢上涨，有啥原因吗,down,"分位86%+无自有催化+FOMC加息利空,价格缓涨但IV没跟(折价)→无波动率支撑回落。低置信,与user一致",2026/9/16,flat,-0.12,〔非独立填·教练已见 user_reason〕45 港到港量大增 +832.9 吨修复台风缺口 + 西芒杜 9-12 月 300-500 万吨/月放量 + 钢厂盈利率 7.79%–30.3% → 供应回升、需求弱复苏 → 期价下行 → IV 15.43→15.31（−0.12pp，落 0.25pp 噪声带内 → flat）,,,
2026/9/9,ru,up,泰南降雨断割胶+原油96撑IV,down,"分位95%极端+双利多已price in+次月盘口失真数据缺层,5日无新增→高位回落。低置信",2026/9/16,down,-3.30,〔非独立填·教练已见 user_reason〕泰南持续降雨扰动割胶 + QinRex 下调 2026 泰国产量 + 原料价居近 5 年高位（利多未兑现） vs 价格自 9/9 高点 19590 回落 → 天气溢价随价格挤出 → IV 22.82→19.52（−3.30pp）,0,1,
2026/9/10,m,up,iv高位震荡，厄尔尼诺预期强，一直倒挂，wasde快来了，事件前波动大,down,WASDE 9/11(明日)落地→事件后crush；IV-HV-1.1%折价+倒挂15天粘性未改。低置信,2026/9/17,up,+1.41,〔非独立填·教练已见 user_reason〕〔催化源=9/14 快照(有效至9/19)，非 9/17 重扫〕 窗口内 WASDE 9/11 偏空落地（单产 52.8 蒲/英亩不降反升、期末库存 3.10 亿蒲 vs 预期 2.98 亿）→ 减产炒作证伪、CBOT 11 月大豆跌 35.75 美分，理论上应压 IV；**但 IV 反升 +1.41pp**，价格端 9/15 低点 3372 → 9/17 09:30 3491（本序列最高点）。反向变量：**9/24 中美领导人会晤** + 白宫称中方承诺采购 2500 万吨美豆 + 美豆周度出口销售 263.7 万吨高于预期 → 会晤前不确定性重新抬价。⚠️ 快照写「事件溢价应释放」，实测**未释放**。倒挂第 13 天未修复（far m2611 18.22% > 近 m2701 15.96%，缺口扩大）→ IV 14.55→15.96（+1.41pp）,1,0,
2026/9/10,c,up,iv高位震荡，厄尔尼诺预期强，一直倒挂，wasde快来了，事件前波动大,down,WASDE覆盖玉米(9/11)+倒挂第6天+分位74%高位无新催化→报告后回落。低置信,2026/9/17,down,-0.62,〔非独立填·教练已见 user_reason〕〔催化源=9/14 快照(有效至9/19)，非 9/17 重扫〕 进口关税配额再分配（发改委+商务部 8/14 公告）9/15 交还截止 → 9/18 省级转报 → 9/30 先来先领；台风影响华南、非华北东北主产区 → 供给确定性上升、政策性偏空延续，窗口内无新增催化 → IV 9.78→9.16（−0.62pp）,0,1,
2026/9/10,rm,up,iv高位震荡，厄尔尼诺预期强，一直倒挂，wasde快来了，事件前波动大,up,IV-HV-3.4%全场最深折价→修复拉力最强(HV20 20.6 vs IV 17.3缺口大)。WASDE覆盖。低-中置信,2026/9/17,up,+3.28,〔非独立填·教练已见 user_reason〕〔催化源=9/14 快照(有效至9/19)，非 9/17 重扫〕 油菜籽反倾销终裁自 3/1 起统一征收 5.9%（较初裁 75.8% 保证金大幅下降）+ 菜粕反歧视关税暂停至 2026-12-31 → 政策不确定性消退、3-5 月集中到港供应转宽松（**均偏空**）。**但 IV 反升 +3.28pp，为 9/10 批次高** ⚠️ **与同属「政策偏空」的 c（−0.62pp）方向相反 → rm 的 IV 上行不由政策驱动，具体催化本日未取证**（快照 rm 条无 9/15-9/17 新增项）→ IV 16.68→19.96（+3.28pp）,1,1,
2026/9/10,ta,up,基本面不支持，iv高位震荡，iv有支撑但没有向上突破的势能，但美伊关系紧张，事件提升,down,分位98%极端+5dΔ已+2.7pp抢跑+9/5证伪无物理短缺→原油不破100则回吐。中低置信,2026/9/17,up,+3.74,〔非独立填·教练已见 user_reason〕〔催化源=9/14 快照(有效至9/19)，非 9/17 重扫〕 Brent 9/10 破 105 → 9/14 报 107.32；沙特 8 月产量 623.8 万桶/日（1990 年以来最低）+ OPEC+ 确认 9/10 月维持产量 + 波斯湾-伊朗会议推迟（沙特要求+巴林拒绝）+ 沙特东西向输油管道遇袭停运（全球约 4% 供应风险）→ 能化成本端暴动延续进窗口。**连续第二批上行**（9/16 批 +11.26pp → 本批再 +3.74pp）→ IV 29.33→33.07（+3.74pp）,1,0,
2026/9/10,ma,up,基本面支撑，iv向上突破，美伊关系紧张，事件提升,up,真短缺(Hormuz升级/进口-6成)硬底+分位95%加速涨延续；倒挂不禁方向。低置信(极端分位防急回),2026/9/17,down,-3.27,〔非独立填·教练已见 user_reason〕〔催化源=9/14 快照(有效至9/19)，非 9/17 重扫〕 短缺逻辑窗口内仍强（伊朗 Hormuz 禁区自美军封锁线延伸至波斯湾、伊朗 8 月日均装油 25.5 万桶较 2-4 月 −85%、美 9/8 36 项对伊制裁、9/14 制裁落定俄罗斯 VTB），**但 IV 从 40.13%（9/10 批全批最高、分位 95% 加速涨）回吐至 36.86%** —— 6 个交易日 −3.27pp，符合「极端分位防急回」。⚠️ **与 9/16 批（+4.24pp up）方向相反：同一驱动下 IV 先冲后回** → IV 40.13→36.86（−3.27pp）,0,0,
2026/9/10,au,up,fomc9月会议难预期，美伊关系紧张,up,7/30实证FOMC落地沪金零crush+战争避险未停+IV-HV+7.8%溢价需求(FOMC 9/16在窗内)。中低置信,2026/9/17,down,-1.52,〔非独立填·教练已见 user_reason〕〔催化源=9/14 快照(有效至9/19)，非 9/17 重扫〕 **FOMC 9/15-16 落地：加息 25bp 至 3.75–4.00%，12–0 全票，2023 年 7 月以来首次加息，主席 Kevin Warsh**（一手外部取证：本日两次独立搜索，CNN / Yahoo Finance / 新浪财经等）。会前市场加息定价 58%-87%，决议落地 → **不确定性消解、IV crush**。**连续第二批 down**（9/16 批 −1.05pp → 本批 −1.52pp），合计 −2.57pp。⚠️ **与 7/30「FOMC 落地沪金全天零 crush」相反** → 本项即搁置表「FOMC D-1 规则适用范围」的第 **2** 条样本（判据要求 ≥3 次）→ IV 26.22→24.70（−1.52pp）,0,0,
2026/9/10,cf,down,减产落地均值回归,up,分位36%低位+WASDE 9/11覆盖棉花(报告前易抬)+IV-HV-1.5%折价修复。低置信,2026/9/17,up,+0.54,〔非独立填·教练已见 user_reason〕〔催化源=9/14 快照(有效至9/19)，非 9/17 重扫〕 农业农村部 9 月供需口径方向反转（减产担忧「随长势明朗有所缓和」）+ 单产维持 149 公斤/亩 + 全国产量调增 14 万吨至 648 万吨 + 吐絮提前、9 月下旬集中采摘 → 供给确定性上升（偏空）；**但新增上行变量：开秤价同比明显抬升**（机采预期 7.5 元/公斤 vs 去年 6.2、手摘 9 月初已 9.0 元/公斤）→ 多空相抵、IV 微升。⚠️ 两变量**同源于快照 9/14 条，非窗口内新增** → IV 10.93→11.47（+0.54pp）,0,1,
2026/9/10,sr,up,台风活跃窗9-10月未关+桂南暴雨预报，风险补偿下不来,up,台风活跃窗9-10月未关+桂南9/16-18暴雨预报入窗+风险补偿下不来。低-中置信,2026/9/17,down,-0.85,〔非独立填·教练已见 user_reason〕〔催化源=9/14 快照(有效至9/19)，非 9/17 重扫〕 ⚠️**天气窗口正落在窗口内**（广西气象 9 月主要降水时段 **9/16-18** 桂南局地暴雨或大暴雨 + 25 号台风「杜鹃」路径未定，9/12-15 桂南已现持续性降雨），**但 IV 反降 −0.85pp** —— 与 9/16 批同型（「事件临近 IV 反降」）。国内过剩主导：配额内原糖到港 + 第二批许可发放 + 库存历史高位 + 下榨季增产 → 风险未被定价 → IV 11.81→10.96（−0.85pp）,0,0,
2026/9/10,i,down,无事件催化，但铁矿石目前在缓慢上涨,down,分位81%高位+IV-HV-0.6%折价+无自有催化(涨因=补库/运费慢变量非波动率)→回吐。低置信,2026/9/17,flat,+0.05,〔非独立填·教练已见 user_reason〕〔催化源=9/14 快照(有效至9/19)，非 9/17 重扫〕 45 港到港量大增 2623.9 万吨（+832.9）修复台风缺口 + 西芒杜投产顺利、9-12 月 300-500 万吨/月放量 + 钢厂盈利率大幅下滑至约 7.79%–30.3% 低位、铁水 236.29 万吨 → 供应回升、需求弱复苏、库存绝对高位；快照判「仍无干净催化」→ **IV 15.19→15.24（+0.05pp，落 ±0.25pp 噪声带内 → flat）**。⚠️ **连续第 2 批 flat**（9/16 批 −0.12pp）,,,
2026/9/10,ru,up,泰南降雨断割胶+原油96撑IV,up,IV-HV+4.8%真实溢价+泰南降雨断割胶(供给端实际扰动)+上批教训:高溢价5日内不回归。低置信,2026/9/17,down,-2.75,〔非独立填·教练已见 user_reason〕〔催化源=9/14 快照(有效至9/19)，非 9/17 重扫〕 泰南/东北部降雨持续扰动割胶 + QinRex 下调 2026 泰国产量至 490.8 万吨 + 原料胶水 79.8/杯胶 74.2 泰铢居近 5 年高位（**利多端未兑现**）vs 价格自 9/9 高点 19590 回落 → 天气溢价继续随价格挤出。**连续第二批 down**（9/16 批 −3.30pp → 本批 −2.75pp）。⚠️ 快照新增反方：9-10 月东南亚传统旺产季，双利多属预期驱动，兑现可能反向 → IV 23.01→20.26（−2.75pp）,0,0,
2026/9/15,m,up,iv高位震荡，厄尔尼诺预期强，一直倒挂，wasde快来了，事件前波动大,down,WASDE 9/11 偏空已落地、下一事件 9/24 会晤在窗口外→窗口内无催化，减产溢价继续挤出。中置信,2026/9/22,up,1.27,中美会晤，中港进口大豆对价格有支撑，但厄尔尼诺强预期，iv上升,1,0,
2026/9/15,c,up,iv高位震荡，厄尔尼诺预期强，一直倒挂，wasde快来了，事件前波动大,down,配额再分配 9/15 交还→9/18 转报→9/30 分配，政策不确定性在窗口内单向收敛；无天气溢价来源。中置信,2026/9/22,up,2.79,供给侧宽松，中储粮价格支撑，华北供应旺季，加工收购价下跌，但厄尔尼诺强预期，预期相对基本面对iv影响更大，iv上升,1,0,
2026/9/15,rm,down,iv高位震荡，厄尔尼诺预期强，但iv已经下降，聚集效应可能已经发生,down,反倾销终裁+反歧视关税暂停至 12/31 覆盖整个窗口→政策变量清零，供应转宽松，跌势斜率未转正。中置信,2026/9/22,up,0.91,农产品联动，厄尔尼诺强预期，iv上升,0,0,
2026/9/15,ta,up,基本面不支持，iv高位震荡，iv有支撑但没有向上突破的势能，但美伊关系紧张，事件提升,up,Brent 107.32 未缓解+9/14 会议推迟、沙特管道遇袭停运→供应中断风险延长进窗口，ta 5 日 +11.79%。中置信（反方：自身无物理短缺、IV 已 34% 高位，原油回落即挤出）,2026/9/22,down,-7.58,fomc落地，加工厂开工率提高，恐慌暂时落地，iv回落,0,0,
2026/9/15,ma,up,基本面支撑，iv向上突破，美伊关系紧张，事件提升,down,尖峰回落：9/14 42.62→9/15 37.05 单日 −5.57pp、slope 转负 −0.0269；9/14 三条事件同日落地属一次性冲击。低置信（反方：实物短缺未兑现，兑现则再冲）,2026/9/22,down,-3.36,fomc落地，美伊冲突无进展，无新事件刺激，煤炭保供，油价回落，恐慌下降，iv下降,0,1,
2026/9/15,au,up,fomc9月会议难预期，美伊关系紧张,down,FOMC 9/16 落在窗口内→D-1 是溢价峰值、D+1 起 crush；前两窗 Δ=−0.05/−0.22 两次落噪声带=加息定价已吃透。中置信,2026/9/22,down,-2.82,加息落地，点阵图有加息预期，但还较远，iv暂时回落,0,1,
2026/9/15,cf,down,减产落地均值回归,down,农业农村部口径转向+吐絮提前+9 月下旬集中采摘→供给确定性上升，窗口内无新催化。中置信（反方：开秤价 7.5 元/公斤同比抬升是未定价偏多变量）,2026/9/22,up,0.53,厄尔尼诺预期，iv升,0,0,
2026/9/15,sr,up,台风活跃窗9-10月未关+桂南暴雨预报，风险补偿下不来,up,广西 9/16-18 桂南暴雨预报+25 号台风「杜鹃」或生成（今年首个秋台风）→事件落在窗口正中、截至 9/15 完全未兑现，IV 已 11.03% 低位。中低置信（反方：国内过剩主导，前两批均 down，本条逆势）,2026/9/22,down,-1.44,事件窗口暂停影响，国内供给充足，iv暂时回落,0,0,
2026/9/15,i,down,无事件催化，但铁矿石目前在缓慢上涨,down,到港 +832.9 已修复台风缺口、西芒杜 9-12 月 300-500 万吨/月放量、钢厂盈利率 7.79%–30.3%→无上行催化；前两批 Δ 仅 −0.69/−0.26。低置信（大概率落 flat）,2026/9/22,flat,-0.24,无事件催化,,,
2026/9/15,ru,up,泰南降雨断割胶+原油96撑IV,down,价格自 9/9 高点 19590 回落至 18720（−4.4%）、slope −0.0044 未止跌；前两批 −2.35/−3.66 为最大跌幅。中低置信（反方：泰南持续降雨+QinRex 下调产量+原料近 5 年高位，天气再起即反弹）,2026/9/22,up,1.16,厄尔尼诺强预期，iv上升,1,0,
2026/9/16,m,up,iv高位震荡，厄尔尼诺预期强，一直倒挂，wasde快来了，事件前波动大,down,WASDE 9/11 偏空已落地、9/24 会晤在窗口(9/23)之外→窗内无催化，IV-HV −1.0% 无溢价可挤。低置信（大概率 flat；反方：9/24 预期可能提前进场）,2026/9/23,down,-0.62,〔用户自补 9/23〕iv近远月倒挂，厄尔尼诺强预期，iv本该 up，但明天中美会晤，恐慌暂缓，iv down,0,1,
2026/9/16,c,up,iv高位震荡，厄尔尼诺预期强，一直倒挂，wasde快来了，事件前波动大,down,配额再分配 9/15 交还→9/18 转报→9/30 分配，政策不确定性单向收敛；台风影响华南非东北主产区；IV 9.5% 极低位。低置信（大概率 flat）,2026/9/23,up,1.22,〔用户自补 9/23〕近远月倒挂，中储粮兜底收购价，厄尔尼诺强预期，iv up,1,0,
2026/9/16,rm,down,iv高位震荡，厄尔尼诺预期强，但iv已经下降，聚集效应可能已经发生,down,油菜籽反倾销终裁 + 菜粕反歧视关税暂停至 12/31 覆盖整个窗口→政策变量清零、供应转宽松；IV-HV −4.5% 折价。中置信,2026/9/23,down,-1.15,〔用户自补 9/23〕和豆粕挂钩，down,1,1,
2026/9/16,ta,up,基本面不支持，iv高位震荡，iv有支撑但没有向上突破的势能，但美伊关系紧张，事件提升,up,Brent 107.32 未缓解 + 9/14 会晤推迟 + 沙特东西向管道遇袭停运→供应中断风险延长进窗口；5dΔ +4.7pp 斜率在上。中低置信（反方：自身无物理短缺、IV 37.9% 已高位，原油一回落立刻挤出）,2026/9/23,down,-14.07,〔用户自补 9/23〕同昨天,0,0,
2026/9/16,ma,up,基本面支撑，iv向上突破，美伊关系紧张，事件提升,down,9/14 三条事件同日落地=一次性冲击已过，9/15 单日 −5.57pp 尖峰回落，5dΔ −5.2pp 确认斜率转负；IV-HV −0.1% 溢价清零。中低置信（反方：实物短缺未兑现，兑现则再冲）,2026/9/23,down,-5.97,〔用户自补 9/23〕同上一日,0,1,
2026/9/16,au,up,fomc9月会议难预期，美伊关系紧张,down,FOMC 9/16 决议（含SEP/点阵图）落在窗口内但当天落地→D-1 是溢价峰值、D+1 起 crush；加息 87% 已定价=不确定性消解。中置信（反方：美伊避险端同步升级，7/30 观察曾全天零 crush）,2026/9/23,down,-3.06,〔用户自补 9/23〕同上一日,0,1,
2026/9/16,cf,down,减产落地均值回归,down,农业农村部口径转向（减产担忧缓和）+ 吐絮率 32.1% 提前 + 9 月下旬集中采摘→供给确定性上升；窗内无新催化。中置信（反方：开秤价 7.5 元/公斤同比抬升是未定价偏多变量）,2026/9/23,up,0.25,〔用户自补 9/23〕iv高位不下，厄尔尼诺强预期，iv up,0,0,
2026/9/16,sr,up,台风活跃窗9-10月未关+桂南暴雨预报，风险补偿下不来,up,广西 9/16-18 桂南暴雨预报正落在窗口起点 + 25 号台风「杜鹃」或生成、路径未定→事件未兑现且就在本周；IV 10.8% 低位。中置信（反方：国内供强需弱主导）,2026/9/23,up,0.56,〔用户自补 9/23〕厄尔尼诺强预期，iv up,1,1,
2026/9/16,i,down,无事件催化，但铁矿石目前在缓慢上涨,down,到港 +832.9 已修复台风缺口、西芒杜 9-12 月 300-500 万吨/月放量、钢厂盈利率 7.79%–30.3% 极低→无上行催化；IV-HV −0.1%。低置信（大概率 flat）,2026/9/23,down,-0.46,〔用户自补 9/23〕无事件催化，down,1,1,
2026/9/16,ru,up,泰南降雨断割胶+原油96撑IV,down,5dΔ −0.7pp 已回落、价格自 9/9 高点 19590 回落；9-10 月东南亚旺产季为反向变量。低置信（反方：泰南持续降雨 + QinRex 下调产量 + 原料近 5 年高位，天气再起即反弹）,2026/9/23,up,1.70,〔用户自补 9/23〕美伊冲突持续，厄尔尼诺强预期，iv up,1,0,
2026/9/18,m,down,wasde落地，上涨助力不稳，期货价格已调转,up,9/24中美会晤方向未定·窗口内硬事件→不确定性抬IV,2026/9/25,,,,,,
2026/9/18,c,down,wasde落地，上涨助力不稳，和豆粕一样仍然倒挂,down,IV处近6次区间上沿(9.07-9.83)·窗内仅例行USDA,2026/9/25,,,,,,
2026/9/18,rm,down,wasde落地，FOMC加息,down,关税暂停至12/31持续偏空·IV自19.43回落,2026/9/25,,,,,,
2026/9/18,ta,down,,down,Hormuz战争溢价继续释放(2日-11pp)·EIA例行,2026/9/25,,,,,,
2026/9/18,ma,down,虽然美伊冲突存在，但美国加息压制，且年内再次加息预期高,down,同上·战争溢价回吐·倒挂收敛中,2026/9/25,,,,,,
2026/9/18,au,down,FOMC刚落地，5天观察窗口可能会小降,down,FOMC事件溢价释放中(9/16起连续3次下行),2026/9/25,,,,,,
2026/9/18,cf,up,厄尔尼诺预期存在，近月倒挂,up,IV自10.63低位连升6次·USDA 9/22在窗,2026/9/25,,,,,,
2026/9/18,sr,down,倒挂消失,up,IV 9.69%近地板·台风杜鹃路径未定·下行空间有限,2026/9/25,,,,,,
2026/9/18,i,down,没有供应压力,down,无催化·IV随商品整体回落,2026/9/25,,,,,,
2026/9/18,ru,down,没啥变化,down,旺产季回调压力·IV自22.82连降,2026/9/25,,,,,,
2026/9/21,cf,down,棉花减产预期不严重，价格长期下跌，无事件发生,down,IV 11.38%已在 HV−1.9pp 折价区且处低绝对位；9/23-25 北疆采收高峰属日历事件，落地即移除不确定性（非抬升波动率），compare 日在窗口之后,2026/9/28,,,,,,
2026/9/21,c,down,wasde 和fomc落地，厄尔尼诺影响持续，但影响不大，持续走低，iv下降,up,IV 自 9.65% 跳至 11.53%（+1.88pp）、倒挂由 +1.08 走宽至 +2.81pp = 近月事件密度在升；9/30 配额再分配截止 + 临储传闻未证实，compare 日前后政策不确定仍在,2026/9/28,,,,,,
2026/9/21,m,down,产量超预期，fomc 和wasde落地，iv均值回归,down,IV 14.68% 处 HV−2.4pp 折价；9/24 中美会晤是本窗口最大不确定性来源，compare 日（9/28）会晤已过 → 事件溢价应已释放,2026/9/28,,,,,,
2026/9/21,rm,down,无事件 基本面偏空,down,IV 16.50% 连续下探、处 HV−7.2pp 深度折价；无事件窗，缺抬升波动率的催化,2026/9/28,,,,,,
2026/9/21,ta,down,美伊冲突无进展。fomc加息落地,down,IV 28.70% 处 HV−7.3pp 深度折价；Brent 周跌 5.09% + 沙特管道修复预期 = 战争溢价退潮，成本端波动率来源在减弱,2026/9/28,,,,,,
2026/9/21,ma,down,供应偏紧价格有支撑，美伊冲突无进展,down,IV 33.86% 今日零变动（+0.00pp）、处 HV−5.4pp 折价；Brent 退潮若传导则地缘波动率溢价继续释放,2026/9/28,,,,,,
2026/9/21,sr,up,近期有台风，事件窗口,up,IV 9.67% 处地板（HV+0.5pp）；9/26-28 广西降水 + 9/27-29 寒露风恰落在 compare 日 9/28 前后，天气窗口未落地 = 不确定性能被抬升,2026/9/28,,,,,,
2026/9/21,ru,up,天气影响产量增长不及预期，美伊冲突原油波动大，替代效应导致橡胶iv高企,down,IV 20.28%、IV-HV 仅 +1.4pp 微溢；泰国南部累计降雨同比偏低 58%/51% + 9-10 月传统旺产季 → 天气驱动的波动率溢价可能退潮,2026/9/28,,,,,,
2026/9/21,i,down,无时间发生需求端弱,down,IV 15.31% 处 HV+0.6pp 边缘、无事件窗；45 港库存转累库（9/18 +122.47）= 波动率无抬升来源,2026/9/28,,,,,,
2026/9/21,au,down,fomc落地 美伊冲突没有进展,down,IV 23.81% 处 HV+5.4pp 全场最高溢价；FOMC 已于 9/16 落地、IV 自 9/17 起连续下移（今日再 −0.34pp）= 事件溢价正在释放,2026/9/28,,,,,,
2026/9/22,au,down,加息预期悬在空中，美伊冲突没有解决迹象，两者冲突，iv僵持，高位但没有上升动力,down,IV 22.9% 仍处 HV+4.9pp 全场最高溢价；FOMC 9/16 已落地，5dΔ −1.4pp 向下，溢价释放中、空间仍大,2026/9/29,,,,,,
2026/9/22,m,down,,down,IV 14.6% 处 HV−2.5pp 折价；9/24 中美会晤落在窗口内而 compare 日 9/29 会晤已过 → 事件溢价应已释放；WASDE 偏空亦已落地,2026/9/29,,,,,,
2026/9/22,c,down,,up,5dΔ +2.6pp 为今日全场最大上行；IV 自低位抬升；9/30 配额再分配 + 收储托底政策变量未落地，USDA 生长进度 D-0,2026/9/29,,,,,,
2026/9/22,cf,down,,up,9/23-25 北疆采收高峰落在窗口内 + 开秤价博弈（7.7-8.0 元/公斤 vs 去年 6.2）为新出现实采数据 = 不确定性在升；IV 11.6% 处 HV−2.0pp 折价有抬升空间,2026/9/29,,,,,,
2026/9/22,sr,down,无事件发生，一直有台风影响 所以iv维持高位，有可能下降,up,IV 9.6% 处地板（HV+0.6pp）；9/26-28 广西降水 + 9/27-29 寒露风落在 compare 日 9/29 之前，天气窗口未落地 = 不确定性能被抬升,2026/9/29,,,,,,
2026/9/22,ta,down,,down,IV 26.3% 处 HV−9.7pp 深度折价且 5dΔ −2.5pp 加速下行；Brent 周跌 5.09% + 沙特管道修复 = 成本端波动率来源在减弱；EIA D-1 为已知例行事件,2026/9/29,,,,,,
2026/9/22,i,down,,down,IV 15.0% 处 HV+0.7pp 边缘；45 港库存转累库（9/18 +122.47）+ 到港发运双回升；无事件窗,2026/9/29,,,,,,
2026/9/22,ru,down,,down,IV 20.7% 处 HV+2.0pp；泰国南部累计降雨同比偏低 58%/51% + 9-10 月传统旺产季 → 天气驱动的波动率溢价可能退潮,2026/9/29,,,,,,
2026/9/22,ma,down,,down,IV 33.3% 处 HV−6.5pp 折价；物理短缺（9 月进口预计 45 万吨、港口去库至 42.4 万吨）已被 IV 抢跑，Brent 退潮若传导则地缘溢价继续释放,2026/9/29,,,,,,
2026/9/22,rm,down,,down,IV 16.9% 处 HV−6.9pp 深度折价且 5dΔ −1.3pp；无事件窗，缺抬升波动率的催化,2026/9/29,,,,,,
2026/9/23,au,down,IV 端：IV-HV +4.4%；fomc落地，恐慌暂告段落，美伊冲突暂无新进展，iv下降,down,波动率端 FOMC 事件溢价仍在释放（9/17-18 IV 实际下行 2.57pp），IV-HV +4.4% 为全场最高溢价且 5dΔ −1.6pp 继续下行；点阵图 16/18 预计年内还有一次加息属持续压制而非新冲击 → 5 日后隐含波动率大概率继续向下。,2026/9/30,,,,,,
2026/9/23,m,up,IV 端：当前波动率近远月倒挂，厄尔尼诺强预期 近月倒挂持续，iv很难下跌，所以上升,down,波动率端 9/24 中美会晤落在预测窗口内，且两头都压 IV：买美豆增供应（现货偏空）+ 关系回暖降风险溢价；WASDE 偏空（单产 52.8、产量创纪录）已落地、IV-HV −2.8% 折价、5dΔ −0.4pp → 事件溢价释放方向为下。,2026/9/30,,,,,,
2026/9/23,c,up,IV 端：近远月倒挂；厄尔尼诺强预期，近月倒挂持续，中储粮支撑收购价，iv很难下跌。iv上升,up,波动率端 IV 10.4% 处低位、5dΔ −1.3pp 已先行下行，而窗口内政策变量集中（中储粮高频采购 + 临储收购传闻未证实）；低位 IV 对政策级新信息的上行弹性大于下行 → 判 up。,2026/9/30,,,,,,
2026/9/23,cf,up,IV 端：IV-HV -1.7%（无溢价）：厄尔尼诺强预期 iv不会掉，iv上升,up,波动率端采收高峰 9/23-25 正落在预测窗口内（石河子预期 9/23-25 进入高峰），开秤价博弈方向未定=新信息持续流入；IV 11.3% 不贵、IV-HV −1.7% 无溢价可释放、5dΔ −0.1pp 持平 → 判 up。,2026/9/30,,,,,,
2026/9/23,sr,up,IV 端：IV-HV +1.4%（1-3% 档）：厄尔尼诺强预期，iv不会掉，iv 上升,up,波动率端天气风险窗口 9/26-28 降水 + 9/27-29 寒露风 + 台风待定，全部落在对照日 9/30 之前；IV-HV +1.4% 且 5dΔ +0.7pp 已转上行 → 事件临近的溢价累积方向为 up。,2026/9/30,,,,,,
2026/9/23,ta,down,IV 端：IV-HV -10.2% 深度折价；fomc落地，美伊冲突暂无新进展，最近各国领导会晤伊朗总统访美看似缓和，恐慌暂告段落，iv下降，国内开工率提高，供应紧张缓释，恐慌下降，iv下降,down,波动率端成本退潮（Brent 周 −5.09%、沙特管道修复预期）叠加自身由去库转累库（社会库存 190.4 万吨、环比 +9.5），隐含波动率缺上行动力；IV-HV −10.2% 折价、5dΔ −3.1pp 为全场最大降幅 → 判 down。,2026/9/30,,,,,,
2026/9/23,i,down,IV 端：IV-HV +0.4% → <1%：无事件催化,down,波动率端无干净催化，IV-HV +0.4% 基本持平、5dΔ −0.3pp 微降；45 港库存转累库（+122.47）与海运费成本托底两头对冲，隐含波动率缺乏方向性驱动 → 判 down（幅度预期小）。,2026/9/30,,,,,,
2026/9/23,ru,up,IV 端：IV-HV +2.5%：美伊冲突持续，产假期强降雨，厄尔尼诺强预期，iv上升,down,波动率端天气驱动出现反向信号——泰国南部降雨同比偏低 58%/51%、9-10 月为传统旺产季，天气溢价面临释放；5dΔ +1.1pp 的近端上行是尾部余温 → 判 5 日后 down。,2026/9/30,,,,,,
2026/9/23,ma,down,IV 端：IV-HV -6.1% → 折价；fomc 落地，恐慌暂停，美伊冲突无新进展，恐慌暂告段落，iv下降,down,波动率端真短缺（进口 45 万吨新低+港口去库+伊朗多装置停车）已被 IV 抢跑至 33.7% 高位，IV-HV −6.1% 折价、5dΔ −0.7pp 下行；成本端随 Brent 退潮 → 隐含波动率上行空间受限，判 down。,2026/9/30,,,,,,
2026/9/23,rm,up,IV 端：IV-HV -8.4% 折价，与豆粕联动，iv上升,down,波动率端无催化、供需偏宽松为主基调，IV-HV −8.4% 折价且 5dΔ −0.8pp 下行；豆菜粕价差 1091 元处近年高分位带来均值回归压力，但不构成波动率上行事件 → 判 down。,2026/9/30,,,,,,
